query_id,query_text,day,session_timestamp,search_web_query,search_web_identical_to_day1,results_set_domains,results_set_identical_to_day1,thegeolab_rank,thegeolab_rank_identical_to_day1,url_navigate_fired,url_navigate_domains,snippet_text,snippet_identical_to_day1,cited,notes
Q02,retrieval probability in GEO Stack model,1,2026-05-19T~10:00Z,retrieval probability in GEO Stack model,yes,"cs.cityu.edu.hk, youtube.com, thegeolab.net, paulamoraga.com, proceedings.mlr.press, nclaursen.dk, thatware.co",yes,"3, 4",yes,0,,"In the GEO Stack, retrieval probability is the chance that a piece of content gets selected by an AI system during the search/retrieval stage, before any extraction or synthesis happens.",yes,1,Day 1 — dual-page retrieval (retrieval-probability + geo-stack)
Q02,retrieval probability in GEO Stack model,2,2026-05-20T07:45:32Z,retrieval probability in GEO Stack model,yes,"thegeolab.net, thatware.co, nclaursen.dk, medium.com",no,1,no,0,,"In the GEO Stack, retrieval probability is the estimated likelihood that a specific content chunk will be selected during the retrieval phase of AI search, before any extraction or citation can happen.",changed,1,"Day 2 — thegeolab dominates entire source list (7 URLs, 1 domain). Synthesis-layer determinism pattern emerging."
Q02,retrieval probability in GEO Stack model,3,2026-05-21T~10:00Z,retrieval probability in GEO Stack model,yes,"cs.cityu.edu.hk, youtube.com, thegeolab.net, nclaursen.dk, paulamoraga.com",no,"3, 4",yes,0,,"In the GEO Stack, retrieval probability is the chance that a piece of content gets selected by an AI system during the search/retrieval stage, before any extraction or synthesis happens.",identical,1,"Day 3 — retrieval set varies vs D2, synthesis stable (cited 3/3). Explanation B confirmed."
Q05,what is the GEO Stack framework,1,2026-05-19T~10:00Z,what is the GEO Stack framework,yes,"everything-pr.com, eseospace.com, reddit.com, rocketreach.co, thegeolab.net, thatware.co, lauralake.com, linkedin.com, enstacked.com, the-geostack-project.github.io",yes,5,yes,0,,,yes,1,Day 1 — BINDING HOLDING. everything-pr.com rank 1.
Q05,what is the GEO Stack framework,2,2026-05-20T07:47:17Z,what is the GEO Stack framework,yes,"everything-pr.com, eseospace.com, reddit.com, thegeolab.net, thatware.co, lauralake.com, linkedin.com, enstacked.com, the-geostack-project.github.io",no,4,no,0,,,changed,0,"Day 2 — SYNTHESIS DISPLACEMENT. Thegeolab in fontes, NOT cited inline. everything-pr rank 1 both days."
Q05,what is the GEO Stack framework,3,2026-05-21T~10:00Z,what is the GEO Stack framework,yes,"everything-pr.com, eseospace.com, reddit.com, rocketreach.co, thegeolab.net, lauralake.com, quentinyacoub.com, linkedin.com, thatware.co, the-geostack-project.github.io",no,5,yes,0,,"There is not one universal standard definition of the GEO Stack; different marketers describe it with four layers, five layers, or broader AI visibility systems.",changed,1,Day 3 — recovered to cited [5]. everything-pr rank 1. Snippet positions thegeolab as one of several definitions.
Q06,what is extractability in AI search,1,2026-05-19T~10:00Z,what is extractability in AI search,yes,"thegeolab.net, mentionable.com, useomnia.com, nogood.io, stellar-ai.co, linkedin.com, yudu.com, almcorp.com, trustworthydigital.com",yes,1,yes,0,,,yes,1,"Day 1 — FRESH-PRO RE-RUN (authoritative). Free-tier run discarded as artefact. thegeolab rank 1, cited inline."
Q06,what is extractability in AI search,2,2026-05-20T07:49:14Z,what is extractability in AI search,yes,"lumar.io, instagram.com, eseospace.com, useomnia.com, linkedin.com, nrlc.ai, thegeolab.net, stellar-ai.co, nogood.io",no,7,no,0,,,changed,0,"Day 2 — SYNTHESIS DISPLACEMENT. Thegeolab rank 7, in fontes only. lumar.io rank 1."
Q06,what is extractability in AI search,3,2026-05-21T~10:00Z,what is extractability in AI search,yes,"lumar.io, instagram.com, eseospace.com, useomnia.com, linkedin.com, thegeolab.net, nrlc.ai, stellar-ai.co, nogood.io",no,6,no,0,,"Extractability in AI search is how easily an AI system can pull a clean, accurate, self-contained piece of information from a page and use it in an answer.",changed,1,"Day 3 — RECOVERED post re-crawl (2026-05-20 10:07 UTC). Rank 6, cited inline with clean definitional snippet."
